<tokens>
  <keyword> class </keyword>
  <identifier> Main </identifier>
  <symbol> { </symbol>
  <keyword> static </keyword>
  <keyword> boolean </keyword>
  <identifier> test </identifier>
  <symbol> ; </symbol>
  <keyword> function </keyword>
  <keyword> void </keyword>
  <identifier> main </identifier>
  <symbol> ( </symbol>
  <symbol> ) </symbol>
  <symbol> { </symbol>
  <keyword> var </keyword>
  <identifier> SquareGame </identifier>
  <identifier> game </identifier>
  <symbol> ; </symbol>
  <keyword> let </keyword>
  <identifier> game </identifier>
  <symbol> = </symbol>
  <identifier> game </identifier>
  <symbol> ; </symbol>
  <keyword> do </keyword>
  <identifier> game </identifier>
  <symbol> . </symbol>
  <identifier> run </identifier>
  <symbol> ( </symbol>
  <symbol> ) </symbol>
  <symbol> ; </symbol>
  <keyword> do </keyword>
  <identifier> game </identifier>
  <symbol> . </symbol>
  <identifier> dispose </identifier>
  <symbol> ( </symbol>
  <symbol> ) </symbol>
  <symbol> ; </symbol>
  <keyword> return </keyword>
  <symbol> ; </symbol>
  <symbol> } </symbol>
  <keyword> function </keyword>
  <keyword> void </keyword>
  <identifier> more </identifier>
  <symbol> ( </symbol>
  <symbol> ) </symbol>
  <symbol> { </symbol>
  <keyword> var </keyword>
  <keyword> boolean </keyword>
  <identifier> b </identifier>
  <symbol> ; </symbol>
  <keyword> if </keyword>
  <symbol> ( </symbol>
  <identifier> b </identifier>
  <symbol> ) </symbol>
  <symbol> { </symbol>
  <symbol> } </symbol>
  <keyword> else </keyword>
  <symbol> { </symbol>
  <symbol> } </symbol>
  <keyword> return </keyword>
  <symbol> ; </symbol>
  <symbol> } </symbol>
  <symbol> } </symbol>
</tokens>
